question_id,display_id,priority,confidence,primary_confidence,classification_margin,runner_up,primary_knowledge,secondary_knowledge,ability_tags,difficulty,difficulty_basis,flags,stem_preview
exam_90d77aed2693_q003,EXAM-90D77AED2693-Q003,medium,0.789,0.788,1.0,导数与微分·导数定义·平均变化率与瞬时变化率,概率统计·概率模型·全概率公式,,运算求解,3,model_estimated,unreviewed；confidence_below_0.8,### 3. 已知 $P(B) = 0.4$ ， $P(B|A) = 0.8$ ， $P(B|\overline{A}) = 0.3$ ，则 $P(A) = (\quad)$ A. $\frac{3}{4}$ B. $\frac{3}{8}
exam_90d77aed2693_q006,EXAM-90D77AED2693-Q006,medium,0.789,0.788,1.0,导数与微分·导数定义·平均变化率与瞬时变化率,概率统计·概率模型·全概率公式,,运算求解,3,model_estimated,unreviewed；confidence_below_0.8,### 6. 当前，AI 已从一个研究领域变成一类赋能技术。在医药健康领域，AI 已应用于靶点发现、药物设计及临床试验等方面，显著提升了科研效率。假设某实验室 AI 辅助新药分子筛选，事件 A 是“AI 模型筛选出候选分子 M”，事件 B 
exam_90d77aed2693_q007,EXAM-90D77AED2693-Q007,medium,0.789,0.788,1.0,导数与微分·导数定义·平均变化率与瞬时变化率,导数应用·不等式证明·构造函数证明,,分类讨论,3,model_estimated,unreviewed；confidence_below_0.8,### 7. 已知函数 $f(x) = \mathrm{e}^x - a\ln (ax - a) + a (a > 0)$ ，若对于任意的 $x > 1$ 使得不等式 $f(x) \geq 0$ 成立，则实数 $a$ 的取值范围（） A. 
exam_90d77aed2693_q009,EXAM-90D77AED2693-Q009,medium,0.789,0.788,1.0,导数与微分·导数定义·平均变化率与瞬时变化率,概率统计·概率模型·全概率公式,,运算求解,3,model_estimated,unreviewed；confidence_below_0.8,### 9. 某班开设了“打球”“弹琴”“跳舞”“唱歌”4个课外活动项目。在一次活动中，甲、乙、丙3名学生每人至少选1个、至多选2个项目，且每个项目恰有1人选择。设事件 $A_{1}$ =“甲选打球”， $A_{2}$ =“甲选唱歌”， $
exam_90d77aed2693_q010,EXAM-90D77AED2693-Q010,medium,0.761,0.755,1.0,导数与微分·导数定义·平均变化率与瞬时变化率,导数与微分·求导运算·基本函数求导,,运算求解,3,model_estimated,unreviewed；confidence_below_0.8,### 10. 下列不等关系中，正确的是（） A. $\ln2<\frac{2}{e}$ B. $\frac{\ln3}{\ln\pi}<\frac{3}{\pi}$ C. $\frac{e}{2}>\ln3$ D. $\sqrt{e}>2
exam_90d77aed2693_q011,EXAM-90D77AED2693-Q011,high,0.858,0.87,0.526,导数与微分·切线方程·求切线,导数应用·极值与最值·求极值,,逻辑推理,3,model_estimated,unreviewed；casework_ability_missing,"### 11. 已知函数 $f(x) = a^{2x} - x (a > 0, a \neq 1)$ ，则下列结论中正确的是（） A. 函数 $f(x)$ 恒有 1 个极值点 B. 当 $a = e$ 时，曲线 $y = f(x)$ 恒在曲"
exam_90d77aed2693_q012,EXAM-90D77AED2693-Q012,medium,0.792,0.792,0.778,函数综合·函数性质·奇偶性与周期性,导数应用·极值与最值·求最值,,运算求解,3,model_estimated,unreviewed；confidence_below_0.8,"### 12. 函数 $f(x) = \frac{1}{2} x - \sin x$ 在 $\left[0, \frac{\pi}{2}\right]$ 上的最大值为 \_\_\_\_."
exam_90d77aed2693_q015,EXAM-90D77AED2693-Q015,medium,0.735,0.712,0.333,导数应用·单调性·判断单调区间,导数应用·极值与最值·求最值,T7导数·U7.3 导数与函数单调性·导数符号判断,运算求解；逻辑推理；分类讨论,3,model_estimated,unreviewed；confidence_below_0.8；primary_confidence_low,"### 15. 已知函数 $f(x) = \frac{1}{2} ax^2 + (a - 1)x - \ln x$ . (1)讨论 $f(x)$ 的单调性; (2)当a>0时，求函数 $f(x)$ 在 $[1,2]$ 的最小值 $g(a)$"
exam_90d77aed2693_q018,EXAM-90D77AED2693-Q018,high,0.771,0.755,1.0,导数与微分·导数定义·平均变化率与瞬时变化率,导数与微分·求导运算·基本函数求导,T7导数·U7.3 导数与函数单调性·导数符号判断,运算求解；逻辑推理；数形结合,3,model_estimated,unreviewed；confidence_below_0.8；casework_ability_missing,### 18. 已知函数 $f(x) = \ln (x + 1) + \frac{1}{2} x^2$ . (1)若函数 $h(x)=f(x)-a(x+1)^{2}$ 不单调，求实数a的取值范围； (2)若曲线 $y = f(x)$ 与直线
